{"tempo":114.944,"tempo1":179.984,"tempo2":110.018,"beats":[0.49567,1.05998,1.60894,2.14594,2.68316,3.21647,3.74345,4.26605,4.79311,5.32316,5.86403,6.41182,6.97092,7.5286,8.08483,8.63766,9.1915,9.7493,10.3081,10.86693,11.42483,11.9916,12.55512,13.11341,13.67151,14.22842,14.78568,15.34477,15.89782,16.44912,17.00116,17.54301,18.08157,18.60642,19.12637,19.65918,20.20777,20.76525,21.3295,21.90249,22.48119,23.06166,23.62708,24.18726,24.74693,25.29888,25.83848,26.37889,26.91428,27.45383,27.98674,28.5129,29.03437,29.55603,30.07511,30.59928,31.1219,31.64515,32.16394,32.68579,33.20794,33.72904,34.24926,34.77068,35.28876,35.8079,36.32833,36.84712,37.36674,37.88766,38.40902,38.93309,39.45737,39.97902,40.50327,41.02509,41.54592,42.06825,42.59079,43.11072,43.63282,44.15467,44.67776,45.19923,45.71962,46.2412,46.76352,47.2875,47.81183,48.33364,48.85766,49.37915,49.90002,50.42115,50.9411,51.46081,51.98036,52.50116,53.02472,53.5464,54.06862,54.59189,55.11532,55.64074,56.16395,56.68492,57.20734,57.72703,58.24675,58.76694,59.28714,59.80733,60.32985,60.85051,61.37304,61.89418,62.41532,62.936,63.45763,63.97786,64.4995,65.02161,65.54279,66.06304,66.58469,67.10726,67.62889,68.15099,68.67308,69.19889,69.71725,70.24167,70.76191,71.28263,71.80475,72.32781,72.84854,73.37674,73.89701,74.42285,74.94822,75.47218,75.99334,76.51496,77.03517,77.55678,78.07701,78.59864,79.11749,79.63866,80.15984,80.68382,81.20546,81.7257,82.24547,82.76849,83.28964,83.80845,84.33052,84.85212,85.37373,85.89441,86.41695,86.9395,87.46344,87.98273,88.50433,89.02359,89.54424,90.06395,90.58596,91.10983,91.63043,92.1529,92.67862,93.20342,93.72637,94.24792,94.76902,95.29057,95.81165,96.33269,96.85464,97.37515,97.89612,98.41566,98.93801,99.45758,99.97812,100.49965,101.02216,101.54379,102.06869,102.59033,103.11475,103.6354,104.1551,104.67755,105.20184,105.72007,106.24203,106.76214,107.28552,107.80752,108.32812,108.84824,109.37254,109.89681,110.42152,110.9434,111.46619,111.98661,112.50793,113.02876,113.54865,114.06849,114.58878,115.10993,115.63383,116.15533,116.67675,117.19946,117.72395,118.24879,118.7717,119.29266,119.81542,120.33625,120.85611,121.37686,121.89806,122.41924,122.94228,123.46345,123.98601,124.50902,125.02879,125.54762,126.0683,126.58759,127.10827,127.63034,128.15102,128.67075,129.19281,129.71301,130.23459,130.7557,131.27727,131.79839,132.32181,132.8443,133.36913,133.89207,134.41412,134.93521,135.4577,135.98018,136.50266,137.02234,137.54482,138.0668,138.58833,139.10986,139.6309,140.15057,140.67256,141.19315,141.71559,142.23895,142.76001,143.28152,143.80441,144.32686,144.85022,145.37265,145.89229,146.4138,146.93716,147.46098,147.9839,148.50076,149.02182,149.54659,150.0695,150.59103,151.11256,151.63364,152.15984,152.68185,153.20248,153.72311,154.24234,154.76248,155.28448,155.80508,156.32521,156.84583,157.36829,157.88983,158.41139,158.93346,159.45598,159.97902,160.5035,161.02428,161.54742,162.06691,162.58595,163.1088,163.63304,164.15176,164.67471,165.19771,165.72124,166.24432,166.76515,167.28413,167.80548,168.32964,168.85239,169.3747,169.89792,170.41837,170.93884,171.46165,171.98216,172.50179,173.02097,173.54109,174.06499,174.58797,175.11006,175.63217,176.15523,176.68156,177.20605,177.7264,178.2477,178.76624,179.2848,179.80437,180.32442,180.84402,181.36737,181.89073,182.4155,182.9398,183.46132,183.98238,184.50575,185.02586,185.54411,186.06422,186.5871,187.10948,187.63138,188.15279,188.67413,189.19733,189.72,190.24126,190.76433,191.28506,191.80347,192.32745,192.8519,193.37357,193.89616,194.41832,194.94048,195.46124,195.9806,196.5023,197.02585,197.54568,198.06783,198.58904,199.1149,199.63377,200.15356,200.67519,201.19865,201.72064,202.24759,202.77689],"beats1":[0.39311,0.73096,1.067,1.4029,1.73902,2.07262,2.40562,2.73905,3.07189,3.40412,3.73724,4.07141,4.40723,4.74469,5.08244,5.4193,5.7536,6.08596,6.4177,6.74809,7.07862,7.40958,7.74186,8.07742,8.41297,8.74805,9.08385,9.41815,9.75213,10.0852,10.41572,10.74653,11.07794,11.40993,11.74328,12.07617,12.40875,12.74133,13.07389,13.40704,13.73898,14.06942,14.40133,14.73489,15.06889,15.40288,15.73808,16.07581,16.41235,16.7456,17.07736,17.40927,17.74118,18.07114,18.39931,18.72972,19.06311,19.39799,19.73436,20.07193,20.40963,20.74644,21.08145,21.41481,21.74892,22.08287,22.41592,22.74881,23.08154,23.41485,23.74772,24.07848,24.40894,24.74059,25.07328,25.40657,25.74165,26.07881,26.41538,26.74925,27.08206,27.41636,27.75066,28.0824,28.41143,28.74028,29.0712,29.40312,29.73441,30.06728,30.40159,30.73645,31.07243,31.40758,31.74118,32.07409,32.4072,32.74143,33.07587,33.40904,33.74186,34.0746,34.40579,34.73604,35.06654,35.39892,35.73306,36.06716,36.40198,36.73694,37.07114,37.40517,37.7392,38.07397,38.40887,38.74227,39.07551,39.40814,39.73913,40.06892,40.39826,40.72922,41.06197,41.3959,41.73221,42.0694,42.40585,42.74081,43.07487,43.40967,43.74447,44.07674,44.40722,44.73845,45.06982,45.40074,45.73151,46.06288,46.39528,46.72903,47.06308,47.39714,47.73224,48.0678,48.40217,48.7355,49.06794,49.40037,49.73399,50.06761,50.39989,50.73231,51.06532,51.39908,51.73268,52.06583,52.39973,52.73451,53.06975,53.40409,53.73694,54.06891,54.40206,54.7355,55.06789,55.39969,55.73326,56.06965,56.4062,56.74126,57.07575,57.41083,57.74532,58.07834,58.40942,58.74139,59.07306,59.40339,59.7349,60.06775,60.39955,60.73046,61.06284,61.39702,61.73134,62.06462,62.39849,62.73415,63.07085,63.40517,63.73726,64.07069,64.40426,64.73664,65.06961,65.40258,65.73658,66.07147,66.40591,66.74049,67.07448,67.40712,67.74095,68.07463,68.40711,68.73885,69.06999,69.40202,69.7348,70.06713,70.39962,70.73344,71.06683,71.39903,71.73124,72.0639,72.39672,72.73013,73.0643,73.39923,73.73417,74.06852,74.40245,74.73608,75.06944,75.4025,75.73558,76.06971,76.404,76.73695,77.07065,77.40569,77.73969,78.07384,78.40858,78.74199,79.07643,79.41013,79.7413,80.07291,80.40392,80.73522,81.06978,81.40478,81.73874,82.07239,82.40546,82.73912,83.07129,83.40123,83.73281,84.06646,84.40085,84.73538,85.06916,85.40293,85.73684,86.06985,86.40315,86.73778,87.0727,87.40701,87.74073,88.07458,88.4068,88.73753,89.06885,89.40061,89.73357,90.06728,90.3998,90.73261,91.06544,91.39767,91.73094,92.06437,92.39944,92.73481,93.07032,93.40688,93.743,94.07957,94.4148,94.74692,95.07873,95.40981,95.73956,96.06946,96.39907,96.73076,97.06468,97.3995,97.73447,98.06885,98.40204,98.73359,99.06574,99.39982,99.73479,100.06976,100.40443,100.73881,101.07229,101.40355,101.73376,102.06561,102.39909,102.73257,103.06694,103.40309,103.73954,104.07465,104.40856,104.74292,105.07772,105.41147,105.74374,106.07497,106.4053,106.73504,107.06418,107.39392,107.72545,108.05891,108.3952,108.73357,109.07209,109.40973,109.74692,110.08413,110.42015,110.75337,111.08436,111.41433,111.74357,112.07341,112.40343,112.73301,113.06261,113.39327,113.72602,114.06058,114.39515,114.72885,115.063,115.39865,115.7343,116.06863,116.40198,116.73521,117.06823,117.40059,117.7326,118.06589,118.40031,118.73535,119.06911,119.40288,119.73639,120.06996,120.4036,120.73732,121.0711,121.40521,121.73873,122.0724,122.40713,122.74172,123.07528,123.40871,123.7429,124.07846,124.41389,124.74622,125.07545,125.40575,125.73636,126.06566,126.39646,126.72952,127.06259,127.39537,127.7286,128.06334,128.39896,128.73132,129.0613,129.39426,129.73035,130.0657,130.3987,130.7314,131.0659,131.40205,131.73732,132.07141,132.4064,132.7423,133.07805,133.41277,133.74583,134.07877,134.4114,134.74133,135.07204,135.40244,135.73032,136.05894,136.38953,136.72266,137.05833,137.39388,137.73064,138.0683,138.40492,138.74007,139.07239,139.4041,139.73642,140.06816,140.40125,140.7354,141.06895,141.4036,141.73795,142.0713,142.40483,142.73856,143.07277,143.40704,143.74182,144.07785,144.4126,144.74606,145.08003,145.41435,145.74828,146.08002,146.41092,146.74321,147.07526,147.40569,147.73555,148.06679,148.39879,148.72961,149.0612,149.394,149.72768,150.06181,150.39597,150.73206,151.06982,151.40639,151.74191,152.07669,152.41042,152.74387,153.0758,153.40685,153.73907,154.07207,154.4064,154.74312,155.0782,155.41283,155.74881,156.0839,156.41898,156.75523,157.09183,