{"tempo":114.944,"beats":[0.49567,1.05998,1.60894,2.14594,2.68316,3.21647,3.74345,4.26605,4.79311,5.32316,5.86403,6.41182,6.97092,7.5286,8.08483,8.63766,9.1915,9.7493,10.3081,10.86693,11.42483,11.9916,12.55512,13.11341,13.67151,14.22842,14.78568,15.34477,15.89782,16.44912,17.00116,17.54301,18.08157,18.60642,19.12637,19.65918,20.20777,20.76525,21.3295,21.90249,22.48119,23.06166,23.62708,24.18726,24.74693,25.29888,25.83848,26.37889,26.91428,27.45383,27.98674,28.5129,29.03437,29.55603,30.07511,30.59928,31.1219,31.64515,32.16394,32.68579,33.20794,33.72904,34.24926,34.77068,35.28876,35.8079,36.32833,36.84712,37.36674,37.88766,38.40902,38.93309,39.45737,39.97902,40.50327,41.02509,41.54592,42.06825,42.59079,43.11072,43.63282,44.15467,44.67776,45.19923,45.71962,46.2412,46.76352,47.2875,47.81183,48.33364,48.85766,49.37915,49.90002,50.42115,50.9411,51.46081,51.98036,52.50116,53.02472,53.5464,54.06862,54.59189,55.11532,55.64074,56.16395,56.68492,57.20734,57.72703,58.24675,58.76694,59.28714,59.80733,60.32985,60.85051,61.37304,61.89418,62.41532,62.936,63.45763,63.97786,64.4995,65.02161,65.54279,66.06304,66.58469,67.10726,67.62889,68.15099,68.67308,69.19889,69.71725,70.24167,70.76191,71.28263,71.80475,72.32781,72.84854,73.37674,73.89701,74.42285,74.94822,75.47218,75.99334,76.51496,77.03517,77.55678,78.07701,78.59864,79.11749,79.63866,80.15984,80.68382,81.20546,81.7257,82.24547,82.76849,83.28964,83.80845,84.33052,84.85212,85.37373,85.89441,86.41695,86.9395,87.46344,87.98273,88.50433,89.02359,89.54424,90.06395,90.58596,91.10983,91.63043,92.1529,92.67862,93.20342,93.72637,94.24792,94.76902,95.29057,95.81165,96.33269,96.85464,97.37515,97.89612,98.41566,98.93801,99.45758,99.97812,100.49965,101.02216,101.54379,102.06869,102.59033,103.11475,103.6354,104.1551,104.67755,105.20184,105.72007,106.24203,106.76214,107.28552,107.80752,108.32812,108.84824,109.37254,109.89681,110.42152,110.9434,111.46619,111.98661,112.50793,113.02876,113.54865,114.06849,114.58878,115.10993,115.63383,116.15533,116.67675,117.19946,117.72395,118.24879,118.7717,119.29266,119.81542,120.33625,120.85611,121.37686,121.89806,122.41924,122.94228,123.46345,123.98601,124.50902,125.02879,125.54762,126.0683,126.58759,127.10827,127.63034,128.15102,128.67075,129.19281,129.71301,130.23459,130.7557,131.27727,131.79839,132.32181,132.8443,133.36913,133.89207,134.41412,134.93521,135.4577,135.98018,136.50266,137.02234,137.54482,138.0668,138.58833,139.10986,139.6309,140.15057,140.67256,141.19315,141.71559,142.23895,142.76001,143.28152,143.80441,144.32686,144.85022,145.37265,145.89229,146.4138,146.93716,147.46098,147.9839,148.50076,149.02182,149.54659,150.0695,150.59103,151.11256,151.63364,152.15984,152.68185,153.20248,153.72311,154.24234,154.76248,155.28448,155.80508,156.32521,156.84583,157.36829,157.88983,158.41139,158.93346,159.45598,159.97902,160.5035,161.02428,161.54742,162.06691,162.58595,163.1088,163.63304,164.15176,164.67471,165.19771,165.72124,166.24432,166.76515,167.28413,167.80548,168.32964,168.85239,169.3747,169.89792,170.41837,170.93884,171.46165,171.98216,172.50179,173.02097,173.54109,174.06499,174.58797,175.11006,175.63217,176.15523,176.68156,177.20605,177.7264,178.2477,178.76624,179.2848,179.80437,180.32442,180.84402,181.36737,181.89073,182.4155,182.9398,183.46132,183.98238,184.50575,185.02586,185.54411,186.06422,186.5871,187.10948,187.63138,188.15279,188.67413,189.19733,189.72,190.24126,190.76433,191.28506,191.80347,192.32745,192.8519,193.37357,193.89616,194.41832,194.94048,195.46124,195.9806,196.5023,197.02585,197.54568,198.06783,198.58904,199.1149,199.63377,200.15356,200.67519,201.19865,201.72064,202.24759,202.77689]}